e4:0d:36:ee:91:43,68.7
e4:0d:36:ee:91:43,64.8
e4:0d:36:ee:91:43,128.3
e4:0d:36:ee:91:43,69419.4
e4:0d:36:ee:91:43,73333.3
e4:0d:36:ee:91:43,3422.3
e4:0d:36:ee:91:43,581.3
e4:0d:36:ee:91:43,75639.7
e4:0d:36:ee:91:43,361.9
e4:0d:36:ee:91:43,6336.2
e4:0d:36:ee:91:43,575.1
e4:0d:36:ee:91:43,478.3
e4:0d:36:ee:91:43,473.0
e4:0d:36:ee:91:43,71253.8
e4:0d:36:ee:91:43,254.2
e4:0d:36:ee:91:43,369.1
e4:0d:36:ee:91:43,442.0
e4:0d:36:ee:91:43,182.2
e4:0d:36:ee:91:43,70433.1
e4:0d:36:ee:91:43,156.9
e4:0d:36:ee:91:43,7619.4
e4:0d:36:ee:91:43,3670.2
e4:0d:36:ee:91:43,41517.7
e4:0d:36:ee:91:43,20587.9
e4:0d:36:ee:91:43,4324.9
e4:0d:36:ee:91:43,7441.0
e4:0d:36:ee:91:43,504.0
e4:0d:36:ee:91:43,39104.9
e4:0d:36:ee:91:43,517.8
e4:0d:36:ee:91:43,52744.9
e4:0d:36:ee:91:43,500.2
e4:0d:36:ee:91:43,5058.3
e4:0d:36:ee:91:43,557.4
e4:0d:36:ee:91:43,2048.0
e4:0d:36:ee:91:43,32907.0
e4:0d:36:ee:91:43,7175.0
e4:0d:36:ee:91:43,576.0
e4:0d:36:ee:91:43,5038.7
e4:0d:36:ee:91:43,528.8
e4:0d:36:ee:91:43,3432.3
e4:0d:36:ee:91:43,21701.8
e4:0d:36:ee:91:43,576.0
e4:0d:36:ee:91:43,13269.9
e4:0d:36:ee:91:43,620.8
e4:0d:36:ee:91:43,3700.3
e4:0d:36:ee:91:43,875.0
e4:0d:36:ee:91:43,3529.1
e4:0d:36:ee:91:43,753.9
e4:0d:36:ee:91:43,8852.0
e4:0d:36:ee:91:43,518.8
e4:0d:36:ee:91:43,4637.2
e4:0d:36:ee:91:43,1973.2
e4:0d:36:ee:91:43,519.3
e4:0d:36:ee:91:43,3016.0
e4:0d:36:ee:91:43,745.8
e4:0d:36:ee:91:43,4524.7
e4:0d:36:ee:91:43,589.8
e4:0d:36:ee:91:43,31239.0
e4:0d:36:ee:91:43,651.8
e4:0d:36:ee:91:43,3083.7
e4:0d:36:ee:91:43,2697.0
e4:0d:36:ee:91:43,579.8
e4:0d:36:ee:91:43,2539.6
e4:0d:36:ee:91:43,495.9
e4:0d:36:ee:91:43,2888.7
e4:0d:36:ee:91:43,502.1
e4:0d:36:ee:91:43,20459.2
e4:0d:36:ee:91:43,576.0
e4:0d:36:ee:91:43,21115.3
e4:0d:36:ee:91:43,4061.7
e4:0d:36:ee:91:43,5919.0
e4:0d:36:ee:91:43,8452.9
e4:0d:36:ee:91:43,2522.9
e4:0d:36:ee:91:43,2142.0
e4:0d:36:ee:91:43,493.0
e4:0d:36:ee:91:43,3605.8
e4:0d:36:ee:91:43,936.0
e4:0d:36:ee:91:43,4149.0
e4:0d:36:ee:91:43,6650.9
e4:0d:36:ee:91:43,564.1
e4:0d:36:ee:91:43,55461.9
e4:0d:36:ee:91:43,514.0
e4:0d:36:ee:91:43,4659.2
e4:0d:36:ee:91:43,10814.7
e4:0d:36:ee:91:43,7706.2
e4:0d:36:ee:91:43,53.9
e4:0d:36:ee:91:43,36.2
e4:0d:36:ee:91:43,8990.3
e4:0d:36:ee:91:43,28.1
e4:0d:36:ee:91:43,13490.7
e4:0d:36:ee:91:43,728.1
e4:0d:36:ee:91:43,955.1
e4:0d:36:ee:91:43,4100.8
e4:0d:36:ee:91:43,2709.9
e4:0d:36:ee:91:43,604.2
e4:0d:36:ee:91:43,18352.0
e4:0d:36:ee:91:43,521.2
e4:0d:36:ee:91:43,5114.1
e4:0d:36:ee:91:43,2578.7
e4:0d:36:ee:91:43,505.9
e4:0d:36:ee:91:43,19011.0
e4:0d:36:ee:91:43,1559.3
e4:0d:36:ee:91:43,4504.7
e4:0d:36:ee:91:43,2896.8
e4:0d:36:ee:91:43,808.7
e4:0d:36:ee:91:43,2464.8
e4:0d:36:ee:91:43,1719.0
e4:0d:36:ee:91:43,3178.1
e4:0d:36:ee:91:43,557.9
e4:0d:36:ee:91:43,5820.8
e4:0d:36:ee:91:43,2326.0
e4:0d:36:ee:91:43,511.6
e4:0d:36:ee:91:43,5518.9
e4:0d:36:ee:91:43,5310.1
e4:0d:36:ee:91:43,1905.0
e4:0d:36:ee:91:43,1795.8
e4:0d:36:ee:91:43,28497.2
e4:0d:36:ee:91:43,28358.0
e4:0d:36:ee:91:43,2726.1
e4:0d:36:ee:91:43,2737.0
e4:0d:36:ee:91:43,6451.1
e4:0d:36:ee:91:43,8620.3
e4:0d:36:ee:91:43,3680.7
e4:0d:36:ee:91:43,2720.8
e4:0d:36:ee:91:43,2246.4
e4:0d:36:ee:91:43,3765.1
e4:0d:36:ee:91:43,6264.2
e4:0d:36:ee:91:43,5693.9
e4:0d:36:ee:91:43,3150.0
e4:0d:36:ee:91:43,8113.9
e4:0d:36:ee:91:43,8259.3
e4:0d:36:ee:91:43,6483.1
e4:0d:36:ee:91:43,8186.8
e4:0d:36:ee:91:43,2988.8
e4:0d:36:ee:91:43,6572.7
e4:0d:36:ee:91:43,9054.2
e4:0d:36:ee:91:43,3604.9
e4:0d:36:ee:91:43,3353.1
e4:0d:36:ee:91:43,3543.4
e4:0d:36:ee:91:43,6434.9
e4:0d:36:ee:91:43,9405.1
e4:0d:36:ee:91:43,4226.2
e4:0d:36:ee:91:43,2234.9
e4:0d:36:ee:91:43,2203.0
e4:0d:36:ee:91:43,3440.4
e4:0d:36:ee:91:43,3660.7
e4:0d:36:ee:91:43,7644.7
e4:0d:36:ee:91:43,7627.0
e4:0d:36:ee:91:43,18764.0
e4:0d:36:ee:91:43,18918.0
33:33:00:00:00:fb,344710.8
e4:0d:36:ee:91:43,227536.7
e4:0d:36:ee:91:43,227523.8
e4:0d:36:ee:91:43,7232.2
e4:0d:36:ee:91:43,37741.2
e4:0d:36:ee:91:43,31601.0
e4:0d:36:ee:91:43,999.9
e4:0d:36:ee:91:43,404.8
e4:0d:36:ee:91:43,3670.7
e4:0d:36:ee:91:43,6460.7
e4:0d:36:ee:91:43,3589.6
e4:0d:36:ee:91:43,15843.9
e4:0d:36:ee:91:43,17439.8
e4:0d:36:ee:91:43,19358.2
e4:0d:36:ee:91:43,17820.4
e4:0d:36:ee:91:43,1400.9
e4:0d:36:ee:91:43,8823.9
e4:0d:36:ee:91:43,8738.0
e4:0d:36:ee:91:43,8458.1
e4:0d:36:ee:91:43,8204.0
e4:0d:36:ee:91:43,7081.0
e4:0d:36:ee:91:43,9104.3
e4:0d:36:ee:91:43,3001.7
e4:0d:36:ee:91:43,18507.0
e4:0d:36:ee:91:43,18734.9
e4:0d:36:ee:91:43,63541.9
e4:0d:36:ee:91:43,63395.0
e4:0d:36:ee:91:43,15031.8
e4:0d:36:ee:91:43,15286.4
e4:0d:36:ee:91:43,2562.0
e4:0d:36:ee:91:43,8585.0
e4:0d:36:ee:91:43,11630.1
e4:0d:36:ee:91:43,5250.9
e4:0d:36:ee:91:43,8565.9
e4:0d:36:ee:91:43,8752.8
e4:0d:36:ee:91:43,12542.2
e4:0d:36:ee:91:43,12492.2
e4:0d:36:ee:91:43,7001.9
e4:0d:36:ee:91:43,9028.9
e4:0d:36:ee:91:43,3001.7
e4:0d:36:ee:91:43,16473.8
e4:0d:36:ee:91:43,16353.1
e4:0d:36:ee:91:43,701.9
e4:0d:36:ee:91:43,3182.4
e4:0d:36:ee:91:43,3408.9
e4:0d:36:ee:91:43,7162.6
e4:0d:36:ee:91:43,9192.0
e4:0d:36:ee:91:43,3235.8
e4:0d:36:ee:91:43,5787.8
e4:0d:36:ee:91:43,5708.7
e4:0d:36:ee:91:43,3931.0
e4:0d:36:ee:91:43,4092.7
e4:0d:36:ee:91:43,7171.2
e4:0d:36:ee:91:43,9116.2
e4:0d:36:ee:91:43,3402.2
e4:0d:36:ee:91:43,9223.0
e4:0d:36:ee:91:43,9277.3
e4:0d:36:ee:91:43,3300.2
e4:0d:36:ee:91:43,3380.3
e4:0d:36:ee:91:43,18223.8
e4:0d:36:ee:91:43,18111.7
e4:0d:36:ee:91:43,1884.0
e4:0d:36:ee:91:43,1575.0
e4:0d:36:ee:91:43,8309.8
e4:0d:36:ee:91:43,9347.9
e4:0d:36:ee:91:43,2253.1
e4:0d:36:ee:91:43,3383.2
e4:0d:36:ee:91:43,2997.9
e4:0d:36:ee:91:43,22968.8
e4:0d:36:ee:91:43,22938.3
e4:0d:36:ee:91:43,6901.3
e4:0d:36:ee:91:43,17112.3
e4:0d:36:ee:91:43,11375.0
e4:0d:36:ee:91:43,838.8
e4:0d:36:ee:91:43,905.0
e4:0d:36:ee:91:43,8359.9
e4:0d:36:ee:91:43,9993.1
e4:0d:36:ee:91:43,2975.0
e4:0d:36:ee:91:43,3487.1
e4:0d:36:ee:91:43,3516.2
e4:0d:36:ee:91:43,7943.2
e4:0d:36:ee:91:43,9810.0
e4:0d:36:ee:91:43,3012.2
e4:0d:36:ee:91:43,6264.2
e4:0d:36:ee:91:43,6354.3
e4:0d:36:ee:91:43,3446.1
e4:0d:36:ee:91:43,3383.2
e4:0d:36:ee:91:43,8297.9
e4:0d:36:ee:91:43,12122.2
e4:0d:36:ee:91:43,6012.0
e4:0d:36:ee:91:43,2212.0
e4:0d:36:ee:91:43,18527.0
e4:0d:36:ee:91:43,18138.9
e4:0d:36:ee:91:43,773.9
e4:0d:36:ee:91:43,10898.1
e4:0d:36:ee:91:43,11134.1
e4:0d:36:ee:91:43,6253.7
e4:0d:36:ee:91:43,6261.8
e4:0d:36:ee:91:43,766.8
e4:0d:36:ee:91:43,9837.2
e4:0d:36:ee:91:43,10106.1
01:00:5e:00:00:fb,4732.6
e4:0d:36:ee:91:43,5920.9
e4:0d:36:ee:91:43,12050.6
e4:0d:36:ee:91:43,7590.8
e4:0d:36:ee:91:43,1174.9
e4:0d:36:ee:91:43,18479.3
e4:0d:36:ee:91:43,18650.1
e4:0d:36:ee:91:43,741.0
e4:0d:36:ee:91:43,4634.9
e4:0d:36:ee:91:43,8303.2
e4:0d:36:ee:91:43,4363.1
e4:0d:36:ee:91:43,4671.1
e4:0d:36:ee:91:43,4591.0
e4:0d:36:ee:91:43,8417.1
e4:0d:36:ee:91:43,10473.7
e4:0d:36:ee:91:43,3328.8
e4:0d:36:ee:91:43,7844.0
e4:0d:36:ee:91:43,7741.0
e4:0d:36:ee:91:43,2248.8
e4:0d:36:ee:91:43,2237.8
e4:0d:36:ee:91:43,7947.0
e4:0d:36:ee:91:43,9985.0
e4:0d:36:ee:91:43,3360.3
e4:0d:36:ee:91:43,16076.1
e4:0d:36:ee:91:43,17469.4
e4:0d:36:ee:91:43,2649.8
e4:0d:36:ee:91:43,1326.1
e4:0d:36:ee:91:43,3408.9
e4:0d:36:ee:91:43,2985.0
e4:0d:36:ee:91:43,12643.8
e4:0d:36:ee:91:43,12729.6
e4:0d:36:ee:91:43,6863.1
e4:0d:36:ee:91:43,7117.7
e4:0d:36:ee:91:43,8664.1
e4:0d:36:ee:91:43,10572.0
e4:0d:36:ee:91:43,3102.3
e4:0d:36:ee:91:43,4295.8
e4:0d:36:ee:91:43,4314.4
e4:0d:36:ee:91:43,21554.9
e4:0d:36:ee:91:43,21467.2
e4:0d:36:ee:91:43,821.1
e4:0d:36:ee:91:43,10570.0
e4:0d:36:ee:91:43,11182.8
e4:0d:36:ee:91:43,4763.6
e4:0d:36:ee:91:43,4400.7
e4:0d:36:ee:91:43,12186.1
e4:0d:36:ee:91:43,12796.4
e4:0d:36:ee:91:43,1983.6
e4:0d:36:ee:91:43,9049.9
e4:0d:36:ee:91:43,12109.3
e4:0d:36:ee:91:43,4387.4
e4:0d:36:ee:91:43,25911.3
e4:0d:36:ee:91:43,25518.9
e4:0d:36:ee:91:43,709.1
e4:0d:36:ee:91:43,783.0
e4:0d:36:ee:91:43,780.6
e4:0d:36:ee:91:43,824.0
e4:0d:36:ee:91:43,758.2
e4:0d:36:ee:91:43,700.0
e4:0d:36:ee:91:43,638.0
e4:0d:36:ee:91:43,890.7
e4:0d:36:ee:91:43,824.9
e4:0d:36:ee:91:43,789.6
e4:0d:36:ee:91:43,730.0
e4:0d:36:ee:91:43,639.9
e4:0d:36:ee:91:43,1900.7
e4:0d:36:ee:91:43,1575.0
e4:0d:36:ee:91:43,737.2
e4:0d:36:ee:91:43,742.0
e4:0d:36:ee:91:43,798.7
e4:0d:36:ee:91:43,1205.9
e4:0d:36:ee:91:43,924.1
e4:0d:36:ee:91:43,1285.1
e4:0d:36:ee:91:43,1070.0
e4:0d:36:ee:91:43,1075.7
e4:0d:36:ee:91:43,935.1
e4:0d:36:ee:91:43,1071.0
e4:0d:36:ee:91:43,934.1
e4:0d:36:ee:91:43,1023.8
e4:0d:36:ee:91:43,1136.8
e4:0d:36:ee:91:43,1336.1
e4:0d:36:ee:91:43,1269.8
e4:0d:36:ee:91:43,1262.7
e4:0d:36:ee:91:43,976.1
e4:0d:36:ee:91:43,1069.1
e4:0d:36:ee:91:43,1039.0
e4:0d:36:ee:91:43,1201.2
e4:0d:36:ee:91:43,1124.9
e4:0d:36:ee:91:43,1076.2
e4:0d:36:ee:91:43,1013.8
e4:0d:36:ee:91:43,1710.9
e4:0d:36:ee:91:43,1534.9
e4:0d:36:ee:91:43,1551.2
e4:0d:36:ee:91:43,954.2
e4:0d:36:ee:91:43,1152.0
e4:0d:36:ee:91:43,1147.7
e4:0d:36:ee:91:43,1082.9
e4:0d:36:ee:91:43,1016.1
e4:0d:36:ee:91:43,976.1
e4:0d:36:ee:91:43,1195.9
e4:0d:36:ee:91:43,1366.1
e4:0d:36:ee:91:43,1278.4
e4:0d:36:ee:91:43,1147.7
e4:0d:36:ee:91:43,1062.4
e4:0d:36:ee:91:43,1109.1
e4:0d:36:ee:91:43,1178.7
e4:0d:36:ee:91:43,1101.0
e4:0d:36:ee:91:43,1092.0
e4:0d:36:ee:91:43,974.2
e4:0d:36:ee:91:43,1157.8
e4:0d:36:ee:91:43,1190.7
e4:0d:36:ee:91:43,1174.0
e4:0d:36:ee:91:43,1165.9
e4:0d:36:ee:91:43,1158.7
e4:0d:36:ee:91:43,1108.2
e4:0d:36:ee:91:43,979.9
e4:0d:36:ee:91:43,1021.9
e4:0d:36:ee:91:43,1093.9
e4:0d:36:ee:91:43,1153.9
e4:0d:36:ee:91:43,1210.7
e4:0d:36:ee:91:43,1365.7
e4:0d:36:ee:91:43,1220.2
e4:0d:36:ee:91:43,1053.8
e4:0d:36:ee:91:43,937.9
e4:0d:36:ee:91:43,953.2
e4:0d:36:ee:91:43,1126.8
e4:0d:36:ee:91:43,1131.1
e4:0d:36:ee:91:43,1903.1
e4:0d:36:ee:91:43,1482.0
e4:0d:36:ee:91:43,1148.2
e4:0d:36:ee:91:43,1185.9
e4:0d:36:ee:91:43,1192.1
e4:0d:36:ee:91:43,1190.7
e4:0d:36:ee:91:43,342.8
e4:0d:36:ee:91:43,685.7
e4:0d:36:ee:91:43,1019.0
e4:0d:36:ee:91:43,1116.8
e4:0d:36:ee:91:43,1095.8
e4:0d:36:ee:91:43,1062.9
e4:0d:36:ee:91:43,1142.0
e4:0d:36:ee:91:43,1543.0
e4:0d:36:ee:91:43,2272.1
e4:0d:36:ee:91:43,2028.0
e4:0d:36:ee:91:43,2037.0
e4:0d:36:ee:91:43,1300.8
e4:0d:36:ee:91:43,1555.9
e4:0d:36:ee:91:43,1091.0
e4:0d:36:ee:91:43,1094.8
e4:0d:36:ee:91:43,1069.1
e4:0d:36:ee:91:43,1067.2
e4:0d:36:ee:91:43,1133.0
e4:0d:36:ee:91:43,1163.0
e4:0d:36:ee:91:43,1181.1
e4:0d:36:ee:91:43,1698.0
e4:0d:36:ee:91:43,1600.7
e4:0d:36:ee:91:43,1633.2
e4:0d:36:ee:91:43,1623.2
e4:0d:36:ee:91:43,18155.1
e4:0d:36:ee:91:43,18197.1
e4:0d:36:ee:91:43,17640.1
e4:0d:36:ee:91:43,1081.9
e4:0d:36:ee:91:43,980.9
e4:0d:36:ee:91:43,1052.9
e4:0d:36:ee:91:43,1030.0
e4:0d:36:ee:91:43,1251.2
e4:0d:36:ee:91:43,1054.8
e4:0d:36:ee:91:43,1198.3
e4:0d:36:ee:91:43,709.1
e4:0d:36:ee:91:43,1997.0
e4:0d:36:ee:91:43,1716.1
e4:0d:36:ee:91:43,1528.7
e4:0d:36:ee:91:43,1131.1
e4:0d:36:ee:91:43,1130.1
e4:0d:36:ee:91:43,1128.7
e4:0d:36:ee:91:43,1129.2
e4:0d:36:ee:91:43,1052.9
e4:0d:36:ee:91:43,1060.0
e4:0d:36:ee:91:43,1059.1
e4:0d:36:ee:91:43,1586.9
e4:0d:36:ee:91:43,1596.0
e4:0d:36:ee:91:43,1598.4
e4:0d:36:ee:91:43,1365.2
e4:0d:36:ee:91:43,1375.7
e4:0d:36:ee:91:43,1364.7
e4:0d:36:ee:91:43,1366.1
e4:0d:36:ee:91:43,761.0
e4:0d:36:ee:91:43,769.1
e4:0d:36:ee:91:43,818.7
e4:0d:36:ee:91:43,605.1
e4:0d:36:ee:91:43,930.3
e4:0d:36:ee:91:43,1068.1
e4:0d:36:ee:91:43,1061.0
e4:0d:36:ee:91:43,1182.1
e4:0d:36:ee:91:43,2009.4
e4:0d:36:ee:91:43,3740.3
e4:0d:36:ee:91:43,3623.0
e4:0d:36:ee:91:43,2760.9
e4:0d:36:ee:91:43,1059.1
e4:0d:36:ee:91:43,1152.0
e4:0d:36:ee:91:43,1086.2
e4:0d:36:ee:91:43,1099.1
e4:0d:36:ee:91:43,1176.8
e4:0d:36:ee:91:43,1112.9
e4:0d:36:ee:91:43,1134.9
e4:0d:36:ee:91:43,1193.0
e4:0d:36:ee:91:43,1210.2
e4:0d:36:ee:91:43,1093.4
e4:0d:36:ee:91:43,1164.9
e4:0d:36:ee:91:43,1160.1
e4:0d:36:ee:91:43,1084.8
e4:0d:36:ee:91:43,1176.8
e4:0d:36:ee:91:43,1160.1
e4:0d:36:ee:91:43,1086.7
e4:0d:36:ee:91:43,1051.9
e4:0d:36:ee:91:43,1222.1
e4:0d:36:ee:91:43,1286.0
e4:0d:36:ee:91:43,1270.8
e4:0d:36:ee:91:43,1103.9
e4:0d:36:ee:91:43,1143.9
e4:0d:36:ee:91:43,1063.3
e4:0d:36:ee:91:43,1013.8
e4:0d:36:ee:91:43,1288.9
e4:0d:36:ee:91:43,2059.9
e4:0d:36:ee:91:43,1763.8
e4:0d:36:ee:91:43,1193.0
e4:0d:36:ee:91:43,910.3
e4:0d:36:ee:91:43,914.1
e4:0d:36:ee:91:43,764.4
e4:0d:36:ee:91:43,894.1
e4:0d:36:ee:91:43,561.7
e4:0d:36:ee:91:43,941.8
e4:0d:36:ee:91:43,1055.2
e4:0d:36:ee:91:43,1012.8
e4:0d:36:ee:91:43,984.2
e4:0d:36:ee:91:43,1085.8
e4:0d:36:ee:91:43,1200.2
e4:0d:36:ee:91:43,3384.1
e4:0d:36:ee:91:43,3366.9
e4:0d:36:ee:91:43,3286.8
e4:0d:36:ee:91:43,1020.9
e4:0d:36:ee:91:43,1109.1
e4:0d:36:ee:91:43,1113.9
e4:0d:36:ee:91:43,1092.0
e4:0d:36:ee:91:43,1021.9
e4:0d:36:ee:91:43,1167.3
e4:0d:36:ee:91:43,1127.7
e4:0d:36:ee:91:43,1240.3
e4:0d:36:ee:91:43,1061.0
e4:0d:36:ee:91:43,1350.9
e4:0d:36:ee:91:43,1415.3
e4:0d:36:ee:91:43,1514.9
e4:0d:36:ee:91:43,1328.0
e4:0d:36:ee:91:43,1075.3
e4:0d:36:ee:91:43,1106.3
e4:0d:36:ee:91:43,1089.1
e4:0d:36:ee:91:43,1088.1
e4:0d:36:ee:91:43,1115.3
e4:0d:36:ee:91:43,1071.9
e4:0d:36:ee:91:43,1231.2
e4:0d:36:ee:91:43,1201.6
e4:0d:36:ee:91:43,1202.1
e4:0d:36:ee:91:43,1068.1
e4:0d:36:ee:91:43,1056.7
e4:0d:36:ee:91:43,1117.7
e4:0d:36:ee:91:43,1012.8
e4:0d:36:ee:91:43,980.9
e4:0d:36:ee:91:43,1084.3
e4:0d:36:ee:91:43,1171.1
e4:0d:36:ee:91:43,1174.9
e4:0d:36:ee:91:43,13731.0
e4:0d:36:ee:91:43,13636.1
e4:0d:36:ee:91:43,13629.9
e4:0d:36:ee:91:43,1256.0
e4:0d:36:ee:91:43,984.2
e4:0d:36:ee:91:43,1095.8
e4:0d:36:ee:91:43,1069.1
e4:0d:36:ee:91:43,2252.1
e4:0d:36:ee:91:43,1956.9
e4:0d:36:ee:91:43,1636.0
e4:0d:36:ee:91:43,1342.3
e4:0d:36:ee:91:43,958.0
e4:0d:36:ee:91:43,976.1
e4:0d:36:ee:91:43,1070.0
e4:0d:36:ee:91:43,515.0
e4:0d:36:ee:91:43,926.0
e4:0d:36:ee:91:43,1076.2
e4:0d:36:ee:91:43,1052.9
e4:0d:36:ee:91:43,1052.9
e4:0d:36:ee:91:43,1114.8
e4:0d:36:ee:91:43,2728.0
e4:0d:36:ee:91:43,2419.0
e4:0d:36:ee:91:43,1900.7
e4:0d:36:ee:91:43,697.1
e4:0d:36:ee:91:43,703.8
e4:0d:36:ee:91:43,927.9
e4:0d:36:ee:91:43,673.8
e4:0d:36:ee:91:43,1613.1
e4:0d:36:ee:91:43,1689.9
e4:0d:36:ee:91:43,1698.0
e4:0d:36:ee:91:43,1128.7
e4:0d:36:ee:91:43,1072.9
e4:0d:36:ee:91:43,1070.0
e4:0d:36:ee:91:43,1001.8
e4:0d:36:ee:91:43,1153.9
e4:0d:36:ee:91:43,1083.9
e4:0d:36:ee:91:43,2188.2
e4:0d:36:ee:91:43,1813.9
e4:0d:36:ee:91:43,1591.2
e4:0d:36:ee:91:43,751.0
e4:0d:36:ee:91:43,743.4
e4:0d:36:ee:91:43,799.2
e4:0d:36:ee:91:43,1028.1
e4:0d:36:ee:91:43,682.4
e4:0d:36:ee:91:43,1092.9
e4:0d:36:ee:91:43,1100.1
e4:0d:36:ee:91:43,1174.9
e4:0d:36:ee:91:43,1271.7
e4:0d:36:ee:91:43,1228.3
e4:0d:36:ee:91:43,1240.3
e4:0d:36:ee:91:43,979.4
e4:0d:36:ee:91:43,1084.8
e4:0d:36:ee:91:43,1055.7
e4:0d:36:ee:91:43,1081.0
e4:0d:36:ee:91:43,2889.2
e4:0d:36:ee:91:43,4137.0
e4:0d:36:ee:91:43,4118.0
e4:0d:36:ee:91:43,2300.7
e4:0d:36:ee:91:43,1081.0
e4:0d:36:ee:91:43,1075.7
e4:0d:36:ee:91:43,1932.1
e4:0d:36:ee:91:43,2419.0
e4:0d:36:ee:91:43,2425.2
e4:0d:36:ee:91:43,1895.9
e4:0d:36:ee:91:43,2449.0
e4:0d:36:ee:91:43,2455.2
e4:0d:36:ee:91:43,2380.8
e4:0d:36:ee:91:43,1057.1
e4:0d:36:ee:91:43,1091.0
e4:0d:36:ee:91:43,1112.9
e4:0d:36:ee:91:43,1180.2
e4:0d:36:ee:91:43,1341.3
e4:0d:36:ee:91:43,1216.9
e4:0d:36:ee:91:43,1313.2
e4:0d:36:ee:91:43,1112.9
e4:0d:36:ee:91:43,1273.6
e4:0d:36:ee:91:43,1180.2
e4:0d:36:ee:91:43,1158.2
e4:0d:36:ee:91:43,1082.9
e4:0d:36:ee:91:43,1091.0
e4:0d:36:ee:91:43,962.3
e4:0d:36:ee:91:43,1063.8
e4:0d:36:ee:91:43,1070.0
e4:0d:36:ee:91:43,1248.8
e4:0d:36:ee:91:43,1335.6
e4:0d:36:ee:91:43,2565.9
e4:0d:36:ee:91:43,2057.1
e4:0d:36:ee:91:43,1681.3
e4:0d:36:ee:91:43,643.7
e4:0d:36:ee:91:43,649.0
e4:0d:36:ee:91:43,649.9
e4:0d:36:ee:91:43,833.0
e4:0d:36:ee:91:43,619.9
e4:0d:36:ee:91:43,772.0
e4:0d:36:ee:91:43,1722.8
e4:0d:36:ee:91:43,3135.2
e4:0d:36:ee:91:43,2973.6
e4:0d:36:ee:91:43,1848.7
e4:0d:36:ee:91:43,1411.9
e4:0d:36:ee:91:43,1030.9
e4:0d:36:ee:91:43,2787.6
e4:0d:36:ee:91:43,3081.3
e4:0d:36:ee:91:43,2345.1
e4:0d:36:ee:91:43,969.9
e4:0d:36:ee:91:43,925.1
e4:0d:36:ee:91:43,931.3
e4:0d:36:ee:91:43,20752.0
e4:0d:36:ee:91:43,20774.8
e4:0d:36:ee:91:43,20741.9
e4:0d:36:ee:91:43,1136.3
e4:0d:36:ee:91:43,1153.0
e4:0d:36:ee:91:43,1130.1
e4:0d:36:ee:91:43,1002.3
e4:0d:36:ee:91:43,1099.1
e4:0d:36:ee:91:43,1007.1
e4:0d:36:ee:91:43,1164.0
e4:0d:36:ee:91:43,1009.9
e4:0d:36:ee:91:43,979.9
e4:0d:36:ee:91:43,900.3
e4:0d:36:ee:91:43,2188.2
e4:0d:36:ee:91:43,1950.3
e4:0d:36:ee:91:43,1621.2
e4:0d:36:ee:91:43,687.1
e4:0d:36:ee:91:43,688.1
e4:0d:36:ee:91:43,689.0
e4:0d:36:ee:91:43,923.2
e4:0d:36:ee:91:43,735.8
e4:0d:36:ee:91:43,3412.2
e4:0d:36:ee:91:43,3558.2
e4:0d:36:ee:91:43,3655.0
e4:0d:36:ee:91:43,1181.1
e4:0d:36:ee:91:43,988.0
e4:0d:36:ee:91:43,821.1
e4:0d:36:ee:91:43,1126.8
e4:0d:36:ee:91:43,1180.2
e4:0d:36:ee:91:43,1086.2
e4:0d:36:ee:91:43,1143.9
e4:0d:36:ee:91:43,1990.8
e4:0d:36:ee:91:43,1791.0
e4:0d:36:ee:91:43,1399.0
e4:0d:36:ee:91:43,1030.9
e4:0d:36:ee:91:43,1035.2
e4:0d:36:ee:91:43,1037.1
e4:0d:36:ee:91:43,870.7
e4:0d:36:ee:91:43,1525.9
e4:0d:36:ee:91:43,1533.0
e4:0d:36:ee:91:43,1525.4
e4:0d:36:ee:91:43,869.8
e4:0d:36:ee:91:43,862.1
e4:0d:36:ee:91:43,863.1
e4:0d:36:ee:91:43,873.1
e4:0d:36:ee:91:43,599.9
e4:0d:36:ee:91:43,914.1
e4:0d:36:ee:91:43,1123.0
e4:0d:36:ee:91:43,1150.1
e4:0d:36:ee:91:43,1257.9
e4:0d:36:ee:91:43,1114.8
e4:0d:36:ee:91:43,1130.1
e4:0d:36:ee:91:43,1013.8
e4:0d:36:ee:91:43,1104.8
e4:0d:36:ee:91:43,1071.0
e4:0d:36:ee:91:43,1070.0
e4:0d:36:ee:91:43,1111.0
e4:0d:36:ee:91:43,1095.8
e4:0d:36:ee:91:43,1052.9
e4:0d:36:ee:91:43,1098.6
e4:0d:36:ee:91:43,865.0
e4:0d:36:ee:91:43,990.9
e4:0d:36:ee:91:43,2039.4
e4:0d:36:ee:91:43,1830.1
e4:0d:36:ee:91:43,1525.9
e4:0d:36:ee:91:43,871.2
e4:0d:36:ee:91:43,877.9
e4:0d:36:ee:91:43,871.2
e4:0d:36:ee:91:43,1013.8
e4:0d:36:ee:91:43,503.1
e4:0d:36:ee:91:43,957.0
e4:0d:36:ee:91:43,1111.0
e4:0d:36:ee:91:43,1706.1
e4:0d:36:ee:91:43,1491.1
e4:0d:36:ee:91:43,1493.9
e4:0d:36:ee:91:43,1102.0
e4:0d:36:ee:91:43,1090.0
e4:0d:36:ee:91:43,1120.1
e4:0d:36:ee:91:43,1090.0
e4:0d:36:ee:91:43,1225.0
e4:0d:36:ee:91:43,1159.2
e4:0d:36:ee:91:43,1147.7
e4:0d:36:ee:91:43,1414.8
e4:0d:36:ee:91:43,1404.3
e4:0d:36:ee:91:43,1363.8
e4:0d:36:ee:91:43,1082.9
e4:0d:36:ee:91:43,1112.9
e4:0d:36:ee:91:43,992.8
e4:0d:36:ee:91:43,1115.3
e4:0d:36:ee:91:43,995.2
e4:0d:36:ee:91:43,1081.0
e4:0d:36:ee:91:43,1214.0
e4:0d:36:ee:91:43,1379.0
e4:0d:36:ee:91:43,1359.0
e4:0d:36:ee:91:43,1310.8
e4:0d:36:ee:91:43,975.6
e4:0d:36:ee:91:43,2175.8
e4:0d:36:ee:91:43,1871.1
e4:0d:36:ee:91:43,1537.8
e4:0d:36:ee:91:43,1288.9
e4:0d:36:ee:91:43,1299.9
e4:0d:36:ee:91:43,1299.9
e4:0d:36:ee:91:43,2704.1
e4:0d:36:ee:91:43,1556.9
e4:0d:36:ee:91:43,1553.1
e4:0d:36:ee:91:43,436.8
e4:0d:36:ee:91:43,431.1
e4:0d:36:ee:91:43,687.1
e4:0d:36:ee:91:43,1095.3
e4:0d:36:ee:91:43,1058.6
e4:0d:36:ee:91:43,1151.1
e4:0d:36:ee:91:43,1254.1
e4:0d:36:ee:91:43,932.7
e4:0d:36:ee:91:43,872.1
e4:0d:36:ee:91:43,768.2
e4:0d:36:ee:91:43,1174.4
e4:0d:36:ee:91:43,1125.8
e4:0d:36:ee:91:43,1076.7
e4:0d:36:ee:91:43,995.2
e4:0d:36:ee:91:43,1009.0
e4:0d:36:ee:91:43,3264.0
e4:0d:36:ee:91:43,2829.6
e4:0d:36:ee:91:43,2551.1
e4:0d:36:ee:91:43,9405.1
e4:0d:36:ee:91:43,10304.9
e4:0d:36:ee:91:43,11054.0
e4:0d:36:ee:91:43,2574.9
e4:0d:36:ee:91:43,1981.7
e4:0d:36:ee:91:43,1563.1
e4:0d:36:ee:91:43,1019.0
e4:0d:36:ee:91:43,964.6
e4:0d:36:ee:91:43,1044.8
e4:0d:36:ee:91:43,1078.1
e4:0d:36:ee:91:43,1072.9
e4:0d:36:ee:91:43,972.3
e4:0d:36:ee:91:43,1237.9
e4:0d:36:ee:91:43,1275.1
e4:0d:36:ee:91:43,1265.0
e4:0d:36:ee:91:43,1119.1
e4:0d:36:ee:91:43,1083.9
e4:0d:36:ee:91:43,2261.2
e4:0d:36:ee:91:43,1950.7
e4:0d:36:ee:91:43,1612.7
e4:0d:36:ee:91:43,745.8
e4:0d:36:ee:91:43,749.1
e4:0d:36:ee:91:43,740.1
e4:0d:36:ee:91:43,1177.3
e4:0d:36:ee:91:43,845.0
e4:0d:36:ee:91:43,1151.1
e4:0d:36:ee:91:43,1085.8
e4:0d:36:ee:91:43,1091.0
e4:0d:36:ee:91:43,1156.3
e4:0d:36:ee:91:43,978.9
e4:0d:36:ee:91:43,1164.9
e4:0d:36:ee:91:43,1004.2
e4:0d:36:ee:91:43,1238.8
e4:0d:36:ee:91:43,1236.9
e4:0d:36:ee:91:43,1242.2
e4:0d:36:ee:91:43,1094.3
e4:0d:36:ee:91:43,951.8
e4:0d:36:ee:91:43,1265.0
e4:0d:36:ee:91:43,1181.1
e4:0d:36:ee:91:43,1124.9
e4:0d:36:ee:91:43,1168.3
e4:0d:36:ee:91:43,2303.1
e4:0d:36:ee:91:43,1973.2
e4:0d:36:ee:91:43,1684.2
e4:0d:36:ee:91:43,915.1
e4:0d:36:ee:91:43,915.1
e4:0d:36:ee:91:43,904.1
e4:0d:36:ee:91:43,1159.7
e4:0d:36:ee:91:43,549.8
e4:0d:36:ee:91:43,1812.9
e4:0d:36:ee:91:43,1815.8
e4:0d:36:ee:91:43,1975.1
e4:0d:36:ee:91:43,1061.0
e4:0d:36:ee:91:43,1105.3
e4:0d:36:ee:91:43,1069.1
e4:0d:36:ee:91:43,1064.3
e4:0d:36:ee:91:43,1241.2
e4:0d:36:ee:91:43,1071.0
e4:0d:36:ee:91:43,1147.7
e4:0d:36:ee:91:43,1213.1
e4:0d:36:ee:91:43,1196.9
e4:0d:36:ee:91:43,1102.0
e4:0d:36:ee:91:43,1138.2
e4:0d:36:ee:91:43,1087.2
e4:0d:36:ee:91:43,1100.1
e4:0d:36:ee:91:43,1075.7
e4:0d:36:ee:91:43,1068.1
e4:0d:36:ee:91:43,1370.0
e4:0d:36:ee:91:43,1192.1
e4:0d:36:ee:91:43,1277.0
e4:0d:36:ee:91:43,978.0
e4:0d:36:ee:91:43,1126.3
e4:0d:36:ee:91:43,1112.9
e4:0d:36:ee:91:43,1084.8
e4:0d:36:ee:91:43,1090.0
e4:0d:36:ee:91:43,1184.0
e4:0d:36:ee:91:43,1080.0
e4:0d:36:ee:91:43,1164.9
e4:0d:36:ee:91:43,930.8
e4:0d:36:ee:91:43,963.7
e4:0d:36:ee:91:43,946.0
e4:0d:36:ee:91:43,2062.3
e4:0d:36:ee:91:43,1824.9
e4:0d:36:ee:91:43,1380.9
e4:0d:36:ee:91:43,1092.0
e4:0d:36:ee:91:43,1110.1
e4:0d:36:ee:91:43,1104.4
e4:0d:36:ee:91:43,1446.2
e4:0d:36:ee:91:43,886.0
e4:0d:36:ee:91:43,1279.8
e4:0d:36:ee:91:43,1016.6
e4:0d:36:ee:91:43,1102.0
e4:0d:36:ee:91:43,1009.9
e4:0d:36:ee:91:43,1157.8
e4:0d:36:ee:91:43,1049.0
e4:0d:36:ee:91:43,1149.2
e4:0d:36:ee:91:43,955.6
e4:0d:36:ee:91:43,1193.0
e4:0d:36:ee:91:43,1214.0
e4:0d:36:ee:91:43,2353.2
e4:0d:36:ee:91:43,1922.1
e4:0d:36:ee:91:43,1414.8
e4:0d:36:ee:91:43,814.9
e4:0d:36:ee:91:43,825.4
e4:0d:36:ee:91:43,834.9
e4:0d:36:ee:91:43,1092.0
e4:0d:36:ee:91:43,658.0
e4:0d:36:ee:91:43,1120.1
e4:0d:36:ee:91:43,1287.9
e4:0d:36:ee:91:43,1314.6
e4:0d:36:ee:91:43,1072.9
e4:0d:36:ee:91:43,2288.3
e4:0d:36:ee:91:43,1956.9
e4:0d:36:ee:91:43,1629.8
e4:0d:36:ee:91:43,733.9
e4:0d:36:ee:91:43,733.4
e4:0d:36:ee:91:43,731.9
e4:0d:36:ee:91:43,1006.1
e4:0d:36:ee:91:43,814.9
e4:0d:36:ee:91:43,1077.7
e4:0d:36:ee:91:43,1209.3
e4:0d:36:ee:91:43,1081.9
e4:0d:36:ee:91:43,1274.1
e4:0d:36:ee:91:43,1086.2
e4:0d:36:ee:91:43,1080.0
e4:0d:36:ee:91:43,1070.0
e4:0d:36:ee:91:43,1068.1
e4:0d:36:ee:91:43,1184.9
e4:0d:36:ee:91:43,1291.8
e4:0d:36:ee:91:43,15670.3
e4:0d:36:ee:91:43,15512.0
e4:0d:36:ee:91:43,15432.8
e4:0d:36:ee:91:43,1145.8
e4:0d:36:ee:91:43,1184.9
e4:0d:36:ee:91:43,1179.2
e4:0d:36:ee:91:43,1117.2
e4:0d:36:ee:91:43,1167.8
e4:0d:36:ee:91:43,1054.8
e4:0d:36:ee:91:43,1112.0
e4:0d:36:ee:91:43,768.7
e4:0d:36:ee:91:43,783.0
e4:0d:36:ee:91:43,842.1
e4:0d:36:ee:91:43,2210.1
e4:0d:36:ee:91:43,1934.1
e4:0d:36:ee:91:43,1534.9
e4:0d:36:ee:91:43,995.2
e4:0d:36:ee:91:43,1001.4
e4:0d:36:ee:91:43,999.9
e4:0d:36:ee:91:43,1135.8
e4:0d:36:ee:91:43,538.8
e4:0d:36:ee:91:43,1397.1
e4:0d:36:ee:91:43,1433.8
e4:0d:36:ee:91:43,1610.8
e4:0d:36:ee:91:43,1060.0
e4:0d:36:ee:91:43,1195.9
e4:0d:36:ee:91:43,1151.1
e4:0d:36:ee:91:43,989.0
e4:0d:36:ee:91:43,999.9
e4:0d:36:ee:91:43,983.7
e4:0d:36:ee:91:43,1104.4
e4:0d:36:ee:91:43,1598.8
e4:0d:36:ee:91:43,1381.9
e4:0d:36:ee:91:43,1344.2
e4:0d:36:ee:91:43,847.3
e4:0d:36:ee:91:43,1058.1
e4:0d:36:ee:91:43,1160.1
e4:0d:36:ee:91:43,1554.0
e4:0d:36:ee:91:43,1445.8
e4:0d:36:ee:91:43,1383.8
e4:0d:36:ee:91:43,888.8
e4:0d:36:ee:91:43,1077.2
e4:0d:36:ee:91:43,1079.1
e4:0d:36:ee:91:43,1061.0
e4:0d:36:ee:91:43,1117.2
e4:0d:36:ee:91:43,1179.2
e4:0d:36:ee:91:43,1097.2
e4:0d:36:ee:91:43,1226.9
e4:0d:36:ee:91:43,1436.7
e4:0d:36:ee:91:43,1633.2
e4:0d:36:ee:91:43,1439.1
e4:0d:36:ee:91:43,1049.0
e4:0d:36:ee:91:43,1062.9
e4:0d:36:ee:91:43,1075.7
e4:0d:36:ee:91:43,1104.8
e4:0d:36:ee:91:43,1081.9
e4:0d:36:ee:91:43,1102.0
e4:0d:36:ee:91:43,1235.0
e4:0d:36:ee:91:43,1189.2
e4:0d:36:ee:91:43,979.9
e4:0d:36:ee:91:43,1040.0
e4:0d:36:ee:91:43,958.0
e4:0d:36:ee:91:43,1150.1
e4:0d:36:ee:91:43,1131.1
e4:0d:36:ee:91:43,1017.1
e4:0d:36:ee:91:43,1005.2
e4:0d:36:ee:91:43,974.2
e4:0d:36:ee:91:43,1067.2
e4:0d:36:ee:91:43,1129.6
e4:0d:36:ee:91:43,1154.9
e4:0d:36:ee:91:43,1167.3
e4:0d:36:ee:91:43,1092.9
e4:0d:36:ee:91:43,1094.3
e4:0d:36:ee:91:43,1104.4
e4:0d:36:ee:91:43,1108.2
e4:0d:36:ee:91:43,1112.9
e4:0d:36:ee:91:43,1090.0
e4:0d:36:ee:91:43,1070.0
e4:0d:36:ee:91:43,1054.3
e4:0d:36:ee:91:43,1145.4
e4:0d:36:ee:91:43,1186.8
e4:0d:36:ee:91:43,1191.6
e4:0d:36:ee:91:43,1104.8
e4:0d:36:ee:91:43,1145.8
e4:0d:36:ee:91:43,1084.8
e4:0d:36:ee:91:43,1101.0
e4:0d:36:ee:91:43,984.2
e4:0d:36:ee:91:43,1143.9
e4:0d:36:ee:91:43,1073.4
e4:0d:36:ee:91:43,1184.9
e4:0d:36:ee:91:43,1689.0
e4:0d:36:ee:91:43,1738.5
e4:0d:36:ee:91:43,1670.8
e4:0d:36:ee:91:43,1085.8
e4:0d:36:ee:91:43,1596.0
e4:0d:36:ee:91:43,1547.8
e4:0d:36:ee:91:43,1548.8
e4:0d:36:ee:91:43,1050.0
e4:0d:36:ee:91:43,1063.8
e4:0d:36:ee:91:43,1067.2
e4:0d:36:ee:91:43,1163.0
e4:0d:36:ee:91:43,1178.3
e4:0d:36:ee:91:43,1155.9
e4:0d:36:ee:91:43,1064.3
e4:0d:36:ee:91:43,1211.2
e4:0d:36:ee:91:43,1206.9
e4:0d:36:ee:91:43,1219.7
e4:0d:36:ee:91:43,1545.9
e4:0d:36:ee:91:43,2432.3
e4:0d:36:ee:91:43,2443.8
e4:0d:36:ee:91:43,2555.8
e4:0d:36:ee:91:43,1674.2
e4:0d:36:ee:91:43,1734.7
e4:0d:36:ee:91:43,1143.0
e4:0d:36:ee:91:43,1042.4
e4:0d:36:ee:91:43,990.4
e4:0d:36:ee:91:43,1075.7
e4:0d:36:ee:91:43,1051.9
e4:0d:36:ee:91:43,1035.7
e4:0d:36:ee:91:43,17924.8
e4:0d:36:ee:91:43,18025.9
e4:0d:36:ee:91:43,18020.6
e4:0d:36:ee:91:43,1047.1
e4:0d:36:ee:91:43,1123.9
e4:0d:36:ee:91:43,1086.2
e4:0d:36:ee:91:43,1028.1
e4:0d:36:ee:91:43,1446.2
e4:0d:36:ee:91:43,2696.0
e4:0d:36:ee:91:43,2666.0
e4:0d:36:ee:91:43,3193.9
e4:0d:36:ee:91:43,1956.9
e4:0d:36:ee:91:43,2137.2
e4:0d:36:ee:91:43,1216.9
e4:0d:36:ee:91:43,1232.1
e4:0d:36:ee:91:43,1038.1
e4:0d:36:ee:91:43,1104.8
e4:0d:36:ee:91:43,3512.9
e4:0d:36:ee:91:43,3213.9
e4:0d:36:ee:91:43,2808.1
e4:0d:36:ee:91:43,1178.7
e4:0d:36:ee:91:43,633.2
e4:0d:36:ee:91:43,943.2
e4:0d:36:ee:91:43,1061.0
e4:0d:36:ee:91:43,1092.0
e4:0d:36:ee:91:43,1514.0
e4:0d:36:ee:91:43,1451.0
e4:0d:36:ee:91:43,1431.9
e4:0d:36:ee:91:43,940.8
e4:0d:36:ee:91:43,834.0
e4:0d:36:ee:91:43,1800.1
e4:0d:36:ee:91:43,1905.0
e4:0d:36:ee:91:43,2602.1
e4:0d:36:ee:91:43,1726.2
e4:0d:36:ee:91:43,2060.9
e4:0d:36:ee:91:43,1397.1
e4:0d:36:ee:91:43,1278.9
e4:0d:36:ee:91:43,1010.9
e4:0d:36:ee:91:43,1082.9
e4:0d:36:ee:91:43,2040.9
e4:0d:36:ee:91:43,1715.7
e4:0d:36:ee:91:43,1502.0
e4:0d:36:ee:91:43,973.2
e4:0d:36:ee:91:43,1622.2
e4:0d:36:ee:91:43,1692.8
e4:0d:36:ee:91:43,1894.0
e4:0d:36:ee:91:43,814.0
e4:0d:36:ee:91:43,1058.6
e4:0d:36:ee:91:43,1071.9
e4:0d:36:ee:91:43,2440.0
e4:0d:36:ee:91:43,2408.0
e4:0d:36:ee:91:43,2513.9
e4:0d:36:ee:91:43,1043.8
e4:0d:36:ee:91:43,1782.4
e4:0d:36:ee:91:43,1786.2
e4:0d:36:ee:91:43,1709.0
e4:0d:36:ee:91:43,1038.1
e4:0d:36:ee:91:43,2665.0
e4:0d:36:ee:91:43,2704.6
e4:0d:36:ee:91:43,2772.8
e4:0d:36:ee:91:43,1102.9
e4:0d:36:ee:91:43,997.1
e4:0d:36:ee:91:43,3469.0
e4:0d:36:ee:91:43,3575.8
e4:0d:36:ee:91:43,3605.4
e4:0d:36:ee:91:43,1080.0
e4:0d:36:ee:91:43,1148.7
e4:0d:36:ee:91:43,1150.1
e4:0d:36:ee:91:43,1125.8
e4:0d:36:ee:91:43,1066.2
e4:0d:36:ee:91:43,1042.4
e4:0d:36:ee:91:43,1212.1
e4:0d:36:ee:91:43,865.9
e4:0d:36:ee:91:43,2410.9
e4:0d:36:ee:91:43,2117.2
e4:0d:36:ee:91:43,1969.8
e4:0d:36:ee:91:43,1726.6
e4:0d:36:ee:91:43,1064.3
e4:0d:36:ee:91:43,1072.9
e4:0d:36:ee:91:43,1075.3
e4:0d:36:ee:91:43,2768.0
e4:0d:36:ee:91:43,1843.9
e4:0d:36:ee:91:43,1531.1
e4:0d:36:ee:91:43,773.0
e4:0d:36:ee:91:43,782.0
e4:0d:36:ee:91:43,856.9
e4:0d:36:ee:91:43,502.1
e4:0d:36:ee:91:43,822.1
e4:0d:36:ee:91:43,1092.9
e4:0d:36:ee:91:43,1359.0
e4:0d:36:ee:91:43,1027.1
e4:0d:36:ee:91:43,2258.3
e4:0d:36:ee:91:43,1973.6
e4:0d:36:ee:91:43,1665.1
e4:0d:36:ee:91:43,1573.1
e4:0d:36:ee:91:43,975.1
e4:0d:36:ee:91:43,988.0
e4:0d:36:ee:91:43,989.9
e4:0d:36:ee:91:43,329.0
e4:0d:36:ee:91:43,611.3
e4:0d:36:ee:91:43,769.1
e4:0d:36:ee:91:43,1064.8
e4:0d:36:ee:91:43,1037.1
e4:0d:36:ee:91:43,1148.2
e4:0d:36:ee:91:43,1061.0
e4:0d:36:ee:91:43,2872.0
e4:0d:36:ee:91:43,2492.9
e4:0d:36:ee:91:43,14962.7
e4:0d:36:ee:91:43,13009.1
e4:0d:36:ee:91:43,13274.7
e4:0d:36:ee:91:43,1075.7
e4:0d:36:ee:91:43,1165.9
e4:0d:36:ee:91:43,1087.2
e4:0d:36:ee:91:43,1076.2
e4:0d:36:ee:91:43,2180.1
e4:0d:36:ee:91:43,1936.0
e4:0d:36:ee:91:43,1651.8
e4:0d:36:ee:91:43,777.2
e4:0d:36:ee:91:43,786.8
e4:0d:36:ee:91:43,779.2
e4:0d:36:ee:91:43,779.6
e4:0d:36:ee:91:43,419.1
e4:0d:36:ee:91:43,643.3
e4:0d:36:ee:91:43,871.2
e4:0d:36:ee:91:43,944.1
e4:0d:36:ee:91:43,1072.9
e4:0d:36:ee:91:43,1177.3
e4:0d:36:ee:91:43,2359.9
e4:0d:36:ee:91:43,2040.4
e4:0d:36:ee:91:43,1569.7
e4:0d:36:ee:91:43,722.9
e4:0d:36:ee:91:43,723.8
e4:0d:36:ee:91:43,724.8
e4:0d:36:ee:91:43,912.2
e4:0d:36:ee:91:43,659.9
e4:0d:36:ee:91:43,962.3
e4:0d:36:ee:91:43,1117.7
e4:0d:36:ee:91:43,1057.1
e4:0d:36:ee:91:43,1339.4
e4:0d:36:ee:91:43,933.6
e4:0d:36:ee:91:43,900.7
e4:0d:36:ee:91:43,839.7
e4:0d:36:ee:91:43,1030.9
e4:0d:36:ee:91:43,1095.3
e4:0d:36:ee:91:43,1111.0
e4:0d:36:ee:91:43,2047.1
e4:0d:36:ee:91:43,1822.9
e4:0d:36:ee:91:43,1488.2
e4:0d:36:ee:91:43,1044.8
e4:0d:36:ee:91:43,1069.1
e4:0d:36:ee:91:43,1081.0
e4:0d:36:ee:91:43,1527.3
e4:0d:36:ee:91:43,589.8
e4:0d:36:ee:91:43,707.1
e4:0d:36:ee:91:43,803.9
e4:0d:36:ee:91:43,1472.9
e4:0d:36:ee:91:43,3164.3
e4:0d:36:ee:91:43,3207.2
e4:0d:36:ee:91:43,2584.9
e4:0d:36:ee:91:43,1061.9
e4:0d:36:ee:91:43,1087.7
e4:0d:36:ee:91:43,1087.2
e4:0d:36:ee:91:43,1083.9
e4:0d:36:ee:91:43,1104.4
e4:0d:36:ee:91:43,1153.0
e4:0d:36:ee:91:43,1233.1
e4:0d:36:ee:91:43,1321.8
e4:0d:36:ee:91:43,1210.7
e4:0d:36:ee:91:43,1225.9
e4:0d:36:ee:91:43,1076.7
e4:0d:36:ee:91:43,1082.9
e4:0d:36:ee:91:43,1195.0
e4:0d:36:ee:91:43,1084.8
e4:0d:36:ee:91:43,1106.3
e4:0d:36:ee:91:43,1064.8
e4:0d:36:ee:91:43,2385.1
e4:0d:36:ee:91:43,2124.8
e4:0d:36:ee:91:43,1807.7
e4:0d:36:ee:91:43,2245.4
e4:0d:36:ee:91:43,1063.8
e4:0d:36:ee:91:43,1061.9
e4:0d:36:ee:91:43,1054.8
e4:0d:36:ee:91:43,354.3
e4:0d:36:ee:91:43,1217.8
e4:0d:36:ee:91:43,1528.3
e4:0d:36:ee:91:43,1625.1
e4:0d:36:ee:91:43,1161.1
e4:0d:36:ee:91:43,1140.1
e4:0d:36:ee:91:43,1099.1
e4:0d:36:ee:91:43,971.3
e4:0d:36:ee:91:43,1004.7
e4:0d:36:ee:91:43,988.0
e4:0d:36:ee:91:43,1143.0
e4:0d:36:ee:91:43,1151.1
e4:0d:36:ee:91:43,1248.4
e4:0d:36:ee:91:43,1099.1
e4:0d:36:ee:91:43,1065.7
e4:0d:36:ee:91:43,963.2
e4:0d:36:ee:91:43,1126.8
e4:0d:36:ee:91:43,1092.0
e4:0d:36:ee:91:43,1099.1
e4:0d:36:ee:91:43,1004.2
e4:0d:36:ee:91:43,1204.0
e4:0d:36:ee:91:43,1325.1
e4:0d:36:ee:91:43,1419.1
e4:0d:36:ee:91:43,1203.1
e4:0d:36:ee:91:43,1050.9
e4:0d:36:ee:91:43,1066.7
e4:0d:36:ee:91:43,1144.9
e4:0d:36:ee:91:43,1112.9
e4:0d:36:ee:91:43,1689.9
e4:0d:36:ee:91:43,1554.0
e4:0d:36:ee:91:43,1641.3
e4:0d:36:ee:91:43,1156.8
e4:0d:36:ee:91:43,1097.2
e4:0d:36:ee:91:43,1065.7
e4:0d:36:ee:91:43,985.1
e4:0d:36:ee:91:43,1066.7
e4:0d:36:ee:91:43,1109.1
e4:0d:36:ee:91:43,1111.0
e4:0d:36:ee:91:43,1117.2
e4:0d:36:ee:91:43,991.3
e4:0d:36:ee:91:43,896.9
e4:0d:36:ee:91:43,852.1
e4:0d:36:ee:91:43,942.2
e4:0d:36:ee:91:43,21322.3
e4:0d:36:ee:91:43,21237.9
e4:0d:36:ee:91:43,21368.0
e4:0d:36:ee:91:43,1057.1
e4:0d:36:ee:91:43,1097.2
e4:0d:36:ee:91:43,1089.1
e4:0d:36:ee:91:43,1087.2
e4:0d:36:ee:91:43,1196.4
e4:0d:36:ee:91:43,1144.9
e4:0d:36:ee:91:43,1183.0
e4:0d:36:ee:91:43,1253.1
e4:0d:36:ee:91:43,1242.2
e4:0d:36:ee:91:43,1232.1
e4:0d:36:ee:91:43,964.2
e4:0d:36:ee:91:43,1109.6
e4:0d:36:ee:91:43,1137.3
e4:0d:36:ee:91:43,1094.8
e4:0d:36:ee:91:43,1125.8
e4:0d:36:ee:91:43,1146.3
e4:0d:36:ee:91:43,1202.1
e4:0d:36:ee:91:43,1704.2
e4:0d:36:ee:91:43,3511.0
e4:0d:36:ee:91:43,3787.0
e4:0d:36:ee:91:43,2891.1
e4:0d:36:ee:91:43,798.2
e4:0d:36:ee:91:43,838.3
e4:0d:36:ee:91:43,720.0
e4:0d:36:ee:91:43,1059.1
e4:0d:36:ee:91:43,1130.1
e4:0d:36:ee:91:43,1149.2
e4:0d:36:ee:91:43,1529.2
e4:0d:36:ee:91:43,1757.1
e4:0d:36:ee:91:43,1842.0
e4:0d:36:ee:91:43,1349.9
e4:0d:36:ee:91:43,1313.2
e4:0d:36:ee:91:43,1193.0
e4:0d:36:ee:91:43,1090.0
e4:0d:36:ee:91:43,1050.9
e4:0d:36:ee:91:43,1106.3
e4:0d:36:ee:91:43,1110.1
e4:0d:36:ee:91:43,1025.2
e4:0d:36:ee:91:43,1179.2
e4:0d:36:ee:91:43,1261.2
e4:0d:36:ee:91:43,1190.2
e4:0d:36:ee:91:43,1295.6
e4:0d:36:ee:91:43,1187.8
e4:0d:36:ee:91:43,1133.9
e4:0d:36:ee:91:43,1017.1
e4:0d:36:ee:91:43,958.0
e4:0d:36:ee:91:43,1087.2
e4:0d:36:ee:91:43,1077.2
e4:0d:36:ee:91:43,1134.9
e4:0d:36:ee:91:43,850.2
e4:0d:36:ee:91:43,951.3
e4:0d:36:ee:91:43,843.0
e4:0d:36:ee:91:43,1016.1
e4:0d:36:ee:91:43,1193.0
e4:0d:36:ee:91:43,1127.7
e4:0d:36:ee:91:43,1089.1
e4:0d:36:ee:91:43,934.1
e4:0d:36:ee:91:43,1081.9
e4:0d:36:ee:91:43,1092.9
e4:0d:36:ee:91:43,1244.1
e4:0d:36:ee:91:43,1231.2
e4:0d:36:ee:91:43,1106.3
e4:0d:36:ee:91:43,941.8
e4:0d:36:ee:91:43,878.3
e4:0d:36:ee:91:43,988.0
e4:0d:36:ee:91:43,1085.3
e4:0d:36:ee:91:43,1153.9
e4:0d:36:ee:91:43,1119.1
e4:0d:36:ee:91:43,1108.2
e4:0d:36:ee:91:43,1024.7
e4:0d:36:ee:91:43,1065.3
e4:0d:36:ee:91:43,1261.2
e4:0d:36:ee:91:43,1213.1
e4:0d:36:ee:91:43,1251.2
e4:0d:36:ee:91:43,1061.0
e4:0d:36:ee:91:43,1165.4
e4:0d:36:ee:91:43,1169.7
e4:0d:36:ee:91:43,1173.0
e4:0d:36:ee:91:43,982.3
e4:0d:36:ee:91:43,958.9
e4:0d:36:ee:91:43,1141.1
e4:0d:36:ee:91:43,1011.8
e4:0d:36:ee:91:43,1006.6
e4:0d:36:ee:91:43,1009.9
e4:0d:36:ee:91:43,2321.7
e4:0d:36:ee:91:43,2102.9
e4:0d:36:ee:91:43,1789.1
e4:0d:36:ee:91:43,1406.7
e4:0d:36:ee:91:43,1328.9
e4:0d:36:ee:91:43,1334.2
e4:0d:36:ee:91:43,1339.9
e4:0d:36:ee:91:43,1276.0
e4:0d:36:ee:91:43,1276.0
e4:0d:36:ee:91:43,1277.0
e4:0d:36:ee:91:43,2453.8
e4:0d:36:ee:91:43,1338.0
e4:0d:36:ee:91:43,1335.1
e4:0d:36:ee:91:43,2532.0
e4:0d:36:ee:91:43,1325.1
e4:0d:36:ee:91:43,1316.1
e4:0d:36:ee:91:43,1314.6
e4:0d:36:ee:91:43,2365.1
e4:0d:36:ee:91:43,1184.9
e4:0d:36:ee:91:43,1173.0
e4:0d:36:ee:91:43,2533.4
e4:0d:36:ee:91:43,1571.7
e4:0d:36:ee:91:43,1567.8
e4:0d:36:ee:91:43,15764.7
e4:0d:36:ee:91:43,14656.1
e4:0d:36:ee:91:43,15092.8
e4:0d:36:ee:91:43,15324.1
e4:0d:36:ee:91:43,1575.0
e4:0d:36:ee:91:43,1430.0
e4:0d:36:ee:91:43,1461.0
e4:0d:36:ee:91:43,1443.9
e4:0d:36:ee:91:43,1469.1
e4:0d:36:ee:91:43,1724.7
e4:0d:36:ee:91:43,1404.3
e4:0d:36:ee:91:43,1199.7
e4:0d:36:ee:91:43,1099.1
e4:0d:36:ee:91:43,1096.7
e4:0d:36:ee:91:43,1241.2
e4:0d:36:ee:91:43,1502.0
e4:0d:36:ee:91:43,2613.1
e4:0d:36:ee:91:43,2198.7
e4:0d:36:ee:91:43,1956.0
e4:0d:36:ee:91:43,2233.0
e4:0d:36:ee:91:43,870.2
e4:0d:36:ee:91:43,1260.8
e4:0d:36:ee:91:43,1809.1
e4:0d:36:ee:91:43,2079.0
e4:0d:36:ee:91:43,1685.1
e4:0d:36:ee:91:43,1955.0
e4:0d:36:ee:91:43,1312.3
e4:0d:36:ee:91:43,1487.7
e4:0d:36:ee:91:43,1419.1
e4:0d:36:ee:91:43,1610528.0
e4:0d:36:ee:91:43,1613162.0
e4:0d:36:ee:91:43,1615315.0
e4:0d:36:ee:91:43,1615844.2
e4:0d:36:ee:91:43,11573.8
e4:0d:36:ee:91:43,9089.0
e4:0d:36:ee:91:43,10680.7
e4:0d:36:ee:91:43,10974.9
e4:0d:36:ee:91:43,21114.8
e4:0d:36:ee:91:43,23074.2
e4:0d:36:ee:91:43,19317.2
e4:0d:36:ee:91:43,20990.8
e4:0d:36:ee:91:43,6336.7
e4:0d:36:ee:91:43,15008.9
e4:0d:36:ee:91:43,15030.9
e4:0d:36:ee:91:43,23406.0
e4:0d:36:ee:91:43,23513.8
e4:0d:36:ee:91:43,16078.0
e4:0d:36:ee:91:43,16153.3
e4:0d:36:ee:91:43,23564.8
e4:0d:36:ee:91:43,28872.0
e4:0d:36:ee:91:43,25591.4
e4:0d:36:ee:91:43,29889.1
e4:0d:36:ee:91:43,11710.2
e4:0d:36:ee:91:43,8977.9
e4:0d:36:ee:91:43,23034.1
e4:0d:36:ee:91:43,20905.0
e4:0d:36:ee:91:43,20837.8
e4:0d:36:ee:91:43,21738.1
e4:0d:36:ee:91:43,24331.1
e4:0d:36:ee:91:43,24219.0
e4:0d:36:ee:91:43,24015.9
e4:0d:36:ee:91:43,23160.9
e4:0d:36:ee:91:43,6325.2
e4:0d:36:ee:91:43,6932.7
e4:0d:36:ee:91:43,6907.9
e4:0d:36:ee:91:43,20979.9
e4:0d:36:ee:91:43,23092.3
e4:0d:36:ee:91:43,20760.1
e4:0d:36:ee:91:43,25685.8
e4:0d:36:ee:91:43,9274.0
e4:0d:36:ee:91:43,9702.2
e4:0d:36:ee:91:43,9802.3
e4:0d:36:ee:91:43,21641.7
e4:0d:36:ee:91:43,23695.9
e4:0d:36:ee:91:43,20999.9
e4:0d:36:ee:91:43,23578.2
e4:0d:36:ee:91:43,6692.9
e4:0d:36:ee:91:43,8065.2
e4:0d:36:ee:91:43,8381.8
e4:0d:36:ee:91:43,22419.0
e4:0d:36:ee:91:43,24657.7
e4:0d:36:ee:91:43,21399.0
e4:0d:36:ee:91:43,27410.0
e4:0d:36:ee:91:43,11051.2
e4:0d:36:ee:91:43,9905.8
e4:0d:36:ee:91:43,26863.1
e4:0d:36:ee:91:43,22559.2
e4:0d:36:ee:91:43,26115.9
e4:0d:36:ee:91:43,24857.0
e4:0d:36:ee:91:43,7422.9
e4:0d:36:ee:91:43,22620.2
e4:0d:36:ee:91:43,22325.0
e4:0d:36:ee:91:43,22604.0
e4:0d:36:ee:91:43,23826.1
e4:0d:36:ee:91:43,6568.9
e4:0d:36:ee:91:43,8791.9
e4:0d:36:ee:91:43,8964.1
e4:0d:36:ee:91:43,25552.7
e4:0d:36:ee:91:43,27484.9
e4:0d:36:ee:91:43,21777.2
e4:0d:36:ee:91:43,24834.2
e4:0d:36:ee:91:43,7308.0
e4:0d:36:ee:91:43,24119.9
e4:0d:36:ee:91:43,24732.1
e4:0d:36:ee:91:43,21589.8
e4:0d:36:ee:91:43,23728.8
e4:0d:36:ee:91:43,5060.2
e4:0d:36:ee:91:43,21879.7
e4:0d:36:ee:91:43,22228.7
e4:0d:36:ee:91:43,21441.0
e4:0d:36:ee:91:43,21461.0
e4:0d:36:ee:91:43,9815.2
e4:0d:36:ee:91:43,9295.9
e4:0d:36:ee:91:43,15992.2
e4:0d:36:ee:91:43,16603.0
e4:0d:36:ee:91:43,22811.9
e4:0d:36:ee:91:43,24684.0
e4:0d:36:ee:91:43,16745.1
e4:0d:36:ee:91:43,24456.0
e4:0d:36:ee:91:43,12298.1
e4:0d:36:ee:91:43,27710.4
e4:0d:36:ee:91:43,29827.6
e4:0d:36:ee:91:43,21834.4
e4:0d:36:ee:91:43,26781.1
e4:0d:36:ee:91:43,9545.3
e4:0d:36:ee:91:43,10287.3
e4:0d:36:ee:91:43,10000.2
e4:0d:36:ee:91:43,22494.8
e4:0d:36:ee:91:43,24390.2
e4:0d:36:ee:91:43,21931.2
33:33:00:00:00:fb,2845837.1
e4:0d:36:ee:91:43,36246.3
e4:0d:36:ee:91:43,18822.2
e4:0d:36:ee:91:43,34517.3
e4:0d:36:ee:91:43,36512.9
e4:0d:36:ee:91:43,22127.6
e4:0d:36:ee:91:43,26840.2
e4:0d:36:ee:91:43,9509.1
e4:0d:36:ee:91:43,9625.0
e4:0d:36:ee:91:43,9685.0
e4:0d:36:ee:91:43,22388.0
e4:0d:36:ee:91:43,23956.8
e4:0d:36:ee:91:43,21646.0
e4:0d:36:ee:91:43,24514.2
e4:0d:36:ee:91:43,6990.0
e4:0d:36:ee:91:43,17505.2
e4:0d:36:ee:91:43,27263.2
e4:0d:36:ee:91:43,37711.1
e4:0d:36:ee:91:43,60022.8
e4:0d:36:ee:91:43,60789.1
e4:0d:36:ee:91:43,73777.2
e4:0d:36:ee:91:43,78074.0
e4:0d:36:ee:91:43,63782.7
e4:0d:36:ee:91:43,53257.5
e4:0d:36:ee:91:43,50030.7
e4:0d:36:ee:91:43,41838.2
e4:0d:36:ee:91:43,53453.9
e4:0d:36:ee:91:43,67216.9
e4:0d:36:ee:91:43,63169.0
e4:0d:36:ee:91:43,55411.3
e4:0d:36:ee:91:43,35816.7
e4:0d:36:ee:91:43,37584.8
e4:0d:36:ee:91:43,23792.7
e4:0d:36:ee:91:43,22078.0
e4:0d:36:ee:91:43,26797.3
e4:0d:36:ee:91:43,8698.0
e4:0d:36:ee:91:43,21930.2
e4:0d:36:ee:91:43,24689.7
e4:0d:36:ee:91:43,35082.3
e4:0d:36:ee:91:43,36486.6
e4:0d:36:ee:91:43,21938.3
e4:0d:36:ee:91:43,19410.1
e4:0d:36:ee:91:43,6569.9
e4:0d:36:ee:91:43,5358.2
e4:0d:36:ee:91:43,22923.0
e4:0d:36:ee:91:43,24541.9
e4:0d:36:ee:91:43,22372.2
e4:0d:36:ee:91:43,24757.9
e4:0d:36:ee:91:43,6727.7
e4:0d:36:ee:91:43,23406.0
e4:0d:36:ee:91:43,24056.0
e4:0d:36:ee:91:43,22468.1
e4:0d:36:ee:91:43,22453.8
e4:0d:36:ee:91:43,7250.8
e4:0d:36:ee:91:43,6382.9
e4:0d:36:ee:91:43,8303.2
e4:0d:36:ee:91:43,8420.0
e4:0d:36:ee:91:43,23063.7
e4:0d:36:ee:91:43,26416.8
e4:0d:36:ee:91:43,23781.8
e4:0d:36:ee:91:43,26221.3
e4:0d:36:ee:91:43,8148.2
e4:0d:36:ee:91:43,9272.1
e4:0d:36:ee:91:43,22313.1
e4:0d:36:ee:91:43,21908.3
e4:0d:36:ee:91:43,21942.1
e4:0d:36:ee:91:43,20682.8
e4:0d:36:ee:91:43,7581.7
e4:0d:36:ee:91:43,7820.6
e4:0d:36:ee:91:43,7790.1
e4:0d:36:ee:91:43,23077.0
e4:0d:36:ee:91:43,25220.9
e4:0d:36:ee:91:43,22860.1
e4:0d:36:ee:91:43,29052.7
e4:0d:36:ee:91:43,10336.4
e4:0d:36:ee:91:43,12452.1
e4:0d:36:ee:91:43,12802.1
e4:0d:36:ee:91:43,24590.0
e4:0d:36:ee:91:43,25916.1
e4:0d:36:ee:91:43,21709.9
e4:0d:36:ee:91:43,30912.9
e4:0d:36:ee:91:43,14982.2
e4:0d:36:ee:91:43,30077.0
e4:0d:36:ee:91:43,30054.1
e4:0d:36:ee:91:43,24457.9
e4:0d:36:ee:91:43,22545.3
e4:0d:36:ee:91:43,25291.9
e4:0d:36:ee:91:43,27388.6
e4:0d:36:ee:91:43,23354.1
e4:0d:36:ee:91:43,29079.9
e4:0d:36:ee:91:43,9983.1
e4:0d:36:ee:91:43,9094632.1
e4:0d:36:ee:91:43,9104227.1
e4:0d:36:ee:91:43,9102410.8
e4:0d:36:ee:91:43,9106642.7
e4:0d:36:ee:91:43,30908.6
e4:0d:36:ee:91:43,32165.1
e4:0d:36:ee:91:43,30140.9
e4:0d:36:ee:91:43,25974.3
e4:0d:36:ee:91:43,24837.0
e4:0d:36:ee:91:43,20341.9
e4:0d:36:ee:91:43,19162.7
e4:0d:36:ee:91:43,18909.9
e4:0d:36:ee:91:43,8585.9
e4:0d:36:ee:91:43,7827.3
e4:0d:36:ee:91:43,15005.6
e4:0d:36:ee:91:43,17915.2
e4:0d:36:ee:91:43,18458.8
e4:0d:36:ee:91:43,28680.8
e4:0d:36:ee:91:43,20697.6
e4:0d:36:ee:91:43,19915.1
e4:0d:36:ee:91:43,48314.1
e4:0d:36:ee:91:43,39769.2
e4:0d:36:ee:91:43,40629.4
e4:0d:36:ee:91:43,38627.6
e4:0d:36:ee:91:43,38230.9
e4:0d:36:ee:91:43,17698.3
e4:0d:36:ee:91:43,9913.0
e4:0d:36:ee:91:43,9258.3
e4:0d:36:ee:91:43,9034.6
e4:0d:36:ee:91:43,13855.0
e4:0d:36:ee:91:43,13217.0
e4:0d:36:ee:91:43,48661.2
e4:0d:36:ee:91:43,78833.1
e4:0d:36:ee:91:43,80070.0
e4:0d:36:ee:91:43,79863.5
e4:0d:36:ee:91:43,103861.8
e4:0d:36:ee:91:43,111311.0
e4:0d:36:ee:91:43,71205.1
e4:0d:36:ee:91:43,41258.3
e4:0d:36:ee:91:43,48639.8
e4:0d:36:ee:91:43,54822.9
e4:0d:36:ee:91:43,34941.7
e4:0d:36:ee:91:43,29534.3
e4:0d:36:ee:91:43,32938.0
e4:0d:36:ee:91:43,33134.0
e4:0d:36:ee:91:43,53309.0
e4:0d:36:ee:91:43,46380.0
e4:0d:36:ee:91:43,66048.1
e4:0d:36:ee:91:43,57316.8
e4:0d:36:ee:91:43,62264.0
e4:0d:36:ee:91:43,56917.2
e4:0d:36:ee:91:43,56870.9
e4:0d:36:ee:91:43,38687.7
e4:0d:36:ee:91:43,37723.1
e4:0d:36:ee:91:43,47833.9
e4:0d:36:ee:91:43,28351.8
e4:0d:36:ee:91:43,30865.2
e4:0d:36:ee:91:43,35745.6
e4:0d:36:ee:91:43,35260.2
e4:0d:36:ee:91:43,39587.0
e4:0d:36:ee:91:43,39598.9
e4:0d:36:ee:91:43,39742.0
e4:0d:36:ee:91:43,27896.9
e4:0d:36:ee:91:43,23648.3
e4:0d:36:ee:91:43,18961.9
e4:0d:36:ee:91:43,28889.2
e4:0d:36:ee:91:43,36641.1
e4:0d:36:ee:91:43,32498.4
